{"cameraMode":{"drawMode":0,"name":"Shaded","section":"Shading Mode"},"sceneLighting":true,"audioPlay":false,"sceneViewState":{"m_AlwaysRefresh":false,"showFog":true,"showSkybox":true,"showFlares":true,"showImageEffects":true,"showParticleSystems":true,"showVisualEffectGraphs":true,"m_FxEnabled":true},"in2DMode":false,"pivot":{"x":380.8408508300781,"y":53.30027770996094,"z":269.7284851074219},"rotation":{"x":-0.10211554169654846,"y":0.017237354069948198,"z":-0.001799536868929863,"w":-0.9946262240409851},"size":218.1389617919922,"orthographic":false}