{"cameraMode":{"drawMode":0,"name":"Shaded","section":"Shading Mode"},"sceneLighting":false,"audioPlay":false,"sceneViewState":{"m_AlwaysRefresh":false,"showFog":true,"showSkybox":false,"showFlares":true,"showImageEffects":true,"showParticleSystems":true,"showVisualEffectGraphs":true,"m_FxEnabled":true},"in2DMode":false,"pivot":{"x":0.000001430511474609375,"y":0.2451188564300537,"z":-0.0024938583374023439},"rotation":{"x":-0.2419312596321106,"y":-0.058830056339502338,"z":0.014669882133603096,"w":-0.9684147834777832},"size":8.124885559082032,"orthographic":false}